{
  "model": "efficientnet_b0",
  "num_classes": 52,
  "img_size": 224,
  "epochs": 8,
  "batch_size": 64,
  "lr_backbone": 0.0001,
  "lr_head": 0.001,
  "weight_decay": 0.0001,
  "seed": 42,
  "train_seconds": 818.4076251983643,
  "test_top1_acc": 0.9038461446762085,
  "device": "Tesla T4",
  "imagenet_mean": [
    0.485,
    0.456,
    0.406
  ],
  "imagenet_std": [
    0.229,
    0.224,
    0.225
  ]
}